timestamp,frame,x1,y1,z1,x2,y2,z2,x3,y3,z3,x4,y4,z4,x5,y5,z5,rot_x5,rot_y5,rot_z5,rot_w5,action
1745398227.839593,437,1.4097319217398763,-1.9420592579990625,36.061275750398636,4.666217602789402,-23.15734699368477,73.7118124961853,7.214931771159172,-37.88742050528526,121.1560070514679,10.371385142207146,-61.75898015499115,163.64417970180511,4.019753076136112,-81.87904953956604,98.15075248479843,-0.010817675851285458,0.005197255406528711,0.008654912002384663,-0.9998905658721924,-1
1745398227.942956,437,1.4097319217398763,-1.9420592579990625,36.061275750398636,4.666217602789402,-23.15734699368477,73.7118124961853,7.214931771159172,-37.88742050528526,121.1560070514679,10.371385142207146,-61.75898015499115,163.64417970180511,4.019753076136112,-81.87904953956604,98.15075248479843,-0.010817675851285458,0.005197255406528711,0.008654912002384663,-0.9998905658721924,5
1745398228.042956,449,1.4476684154942632,-2.337489277124405,36.23230755329132,4.8880670219659805,-25.27262456715107,73.04876297712326,6.643357686698437,-40.98539799451828,120.04348635673523,9.581216610968113,-63.09963017702103,163.41076791286469,4.012477584183216,-81.87571167945862,98.15052151679993,-0.010858583264052868,0.005702715367078781,0.008746223524212837,-0.9998865723609924,12
1745398228.142957,461,0.6218853523023427,-3.5448982380330563,36.4215224981308,-2.5240248069167137,-32.438989728689194,69.25530731678009,-7.620322518050671,-54.81908097863197,112.78063803911209,-4.6119699254632,-79.94315773248672,153.8994461297989,3.4165792167186737,-82.3151022195816,97.27595746517181,-0.0036962206941097975,0.04595349729061127,0.02410617284476757,-0.9986459016799927,12
1745398228.242957,473,0.670072331558913,-3.3860174007713795,36.6191640496254,-3.629314946010709,-33.2028828561306,69.30168718099594,-11.44639402627945,-55.30877411365509,112.35854029655457,-9.726627729833126,-72.2474753856659,157.32677280902863,1.762134488672018,-80.8696523308754,100.69656372070312,-0.03447765111923218,0.1762911081314087,-0.0010186334839090705,-0.9837335348129272,12
1745398228.342958,485,0.7916826289147139,-3.2126891892403364,36.64513677358627,-3.222206374630332,-32.72061422467232,69.9019804596901,-11.254802346229553,-55.48476055264473,112.52957582473755,-9.448997676372528,-70.44817507266998,158.10376405715942,0.9454588871449232,-81.95971697568893,100.60369968414307,-0.006927568931132555,0.15440933406352997,0.0028395189438015223,-0.9879786372184753,7
1745398228.442958,497,0.7952287560328841,-3.082566661760211,36.542028188705444,-3.504903055727482,-31.67622536420822,70.16260176897049,-9.809198789298534,-55.32402917742729,112.54946887493134,-5.750451236963272,-72.59932905435562,157.33136236667633,2.1040563005954027,-81.82500302791595,100.12684762477875,-0.013682115823030472,0.17828622460365295,0.0056339772418141365,-0.9838674068450928,7
1745398228.5429592,509,0.9825639426708221,-2.909963019192219,36.34663298726082,-0.39422657573595643,-30.832640826702118,70.09078562259674,-2.043261658400297,-55.16559258103371,112.53685504198074,4.6096183359622955,-75.35828649997711,155.97184002399445,6.373419892042875,-81.98382705450058,97.89267182350159,-0.009074551984667778,0.05599292367696762,0.008400902152061462,-0.9983546733856201,3
1745398228.6429598,521,1.4897932996973395,-2.7241255156695843,36.195989698171616,4.732225090265274,-29.88208457827568,69.97919827699661,11.764715425670147,-55.291548371315,110.86330562829971,28.540611267089844,-78.16101610660553,149.4242399930954,16.76156185567379,-80.34947514533997,94.0120592713356,-0.0629374086856842,-0.11102782189846039,0.05125162750482559,-0.9904974102973938,3
1745398228.7429602,533,1.5944966580718756,-2.576336730271578,36.06298565864563,6.1974311247467995,-29.2938444763422,69.30705159902573,16.9204268604517,-55.21828681230545,108.72393101453781,38.007959723472595,-78.44062894582748,144.8403298854828,16.47331193089485,-81.8965882062912,90.72946757078171,-0.009287897497415543,-0.2149433195590973,0.009312188252806664,-0.9765380620956421,7
1745398228.8429608,545,1.8614991568028927,-2.400580793619156,35.88563576340675,10.16297284513712,-28.53422984480858,68.29485297203064,25.84555745124817,-55.30489981174469,105.22790998220444,50.52092671394348,-79.74778860807419,138.04829120635986,18.998777493834496,-82.27016031742096,86.88372373580933,6.587109237443656e-05,-0.3748433589935303,0.01870686747133732,-0.9268994331359863,7
1745398228.942961,557,2.3248745128512383,-2.3017500061541796,35.937801003456116,14.78260476142168,-28.421632945537567,67.28944182395935,34.84596312046051,-55.899281054735184,101.04236006736755,59.68065932393074,-80.9505358338356,132.96790421009064,22.0625177025795,-82.14996010065079,85.47123521566391,-0.0002059666730929166,-0.48770925402641296,0.006628464441746473,-0.8729809522628784,13
1745398229.0429618,569,2.66915000975132,-2.535849343985319,36.04724630713463,18.5010377317667,-29.480861499905586,65.89872390031815,42.242199182510376,-57.34473094344139,97.06053137779236,63.73366713523865,-83.06175470352173,130.49405813217163,23.709578439593315,-82.1504294872284,85.53771674633026,0.0010122103849425912,-0.5860510468482971,0.01348908245563507,-0.8101613521575928,11
1745398229.142962,581,2.7589902747422457,-2.6778755709528923,36.09290346503258,19.206665456295013,-29.741590842604637,65.51658362150192,42.30204224586487,-57.714615017175674,98.24205189943314,48.5103502869606,-82.31531828641891,138.56306672096252,23.84672313928604,-82.20133185386658,85.60637384653091,-0.002239892492070794,-0.5941891074180603,0.012620015069842339,-0.804223358631134,11
1745398229.2429628,593,2.782325027510524,-2.7618303429335356,36.08309477567673,19.67596635222435,-29.683277010917664,65.44160842895508,41.30556806921959,-57.64190852642059,98.95653277635574,36.51240095496178,-82.08048343658447,138.90954852104187,23.24855327606201,-82.13355392217636,85.43500304222107,5.411797246779315e-05,-0.5830572247505188,0.01433168537914753,-0.8123047351837158,1
1745398229.342963,605,2.517049666494131,-2.6184935122728348,35.943906754255295,17.79893971979618,-29.161501675844193,65.97211211919785,36.15892305970192,-57.89767578244209,100.62558948993683,25.87093785405159,-85.00199019908905,137.35559582710266,19.57279071211815,-82.26747810840607,84.11835134029388,0.0036164834164083004,-0.5315679907798767,0.014823420904576778,-0.8468782305717468,5
1745398229.442964,617,2.0002792589366436,-2.4501080624759197,35.74666753411293,12.530547566711903,-28.530728071928024,67.03381985425949,24.919092655181885,-58.2258366048336,104.54913973808289,12.793954461812973,-86.52060478925705,140.70339500904083,14.120218344032764,-82.08976686000824,84.6029594540596,0.005386664532124996,0.36637330055236816,-0.011530655436217785,0.9303808808326721,5
1745398229.542965,629,1.3981499942019582,-2.434811554849148,35.87295114994049,6.972155999392271,-28.580473735928535,68.29199194908142,12.281128205358982,-58.61943960189819,107.20209777355194,-1.6210867324844003,-87.36194670200348,143.16654205322266,10.046119801700115,-81.91279321908951,85.48370003700256,0.00688428059220314,0.14799882471561432,-0.002915944904088974,0.9889592528343201,15
1745398229.642965,641,1.0855671716853976,-2.66157160513103,36.09713539481163,2.3067109286785126,-29.846642166376114,69.1857635974884,3.4473566338419914,-58.78028646111488,108.92507433891296,-6.578063126653433,-86.66645735502243,146.29051089286804,7.4254898354411125,-82.72743225097656,86.58042550086975,-0.006465377286076546,0.028387589380145073,-0.030365116894245148,0.9991147518157959,15
1745398229.742966,653,0.7124111289158463,-2.784909214824438,36.3311842083931,-2.040651859715581,-30.460815876722336,69.94325667619705,-8.145414292812347,-58.6511455476284,109.19682681560516,-16.347233206033707,-85.19459515810013,147.85218238830566,5.745173431932926,-81.22913539409637,91.36705845594406,0.024460971355438232,-0.24685224890708923,0.0019841317553073168,0.968742311000824,15
1745398229.842966,665,0.11342085781507194,-3.020887728780508,36.41805797815323,-8.009281009435654,-31.496796756982803,69.09783184528351,-22.862767800688744,-59.42624807357788,106.014184653759,-32.624077051877975,-82.996666431427,146.10879123210907,-0.29335683211684227,-81.9455087184906,97.01051563024521,0.010381104424595833,-0.5284056663513184,-0.01120294351130724,0.8488546013832092,15
1745398229.942967,677,-0.201471644686535,-3.131986130028963,36.3428071141243,-9.744646027684212,-32.24258869886398,68.04853677749634,-26.817698031663895,-60.80988422036171,103.40069234371185,-36.982450634241104,-85.06355434656143,142.97892153263092,-1.9724708981812,-82.20787346363068,97.63390570878983,-0.0026558947283774614,-0.5924656391143799,-0.00773294223472476,0.805554211139679,4
1745398230.042967,689,-0.05962172872386873,-2.8411324601620436,36.17973253130913,-8.738824166357517,-30.124876648187637,69.25372034311295,-24.853773415088654,-54.800182580947876,108.06960612535477,-32.56864473223686,-79.26717400550842,148.1790393590927,-2.116163494065404,-81.92474395036697,98.20309281349182,0.007423899136483669,-0.5957115292549133,-0.010956739075481892,0.8030894994735718,4
1745398230.1429682,701,-0.11171679943799973,-1.8473067320883274,35.96098721027374,-8.978163823485374,-23.712676018476486,72.46225327253342,-25.589624419808388,-39.14918750524521,115.61514437198639,-33.335428684949875,-56.61000683903694,159.6931666135788,-2.330793533474207,-81.86772465705872,98.19208830595016,0.007388291880488396,-0.6023507118225098,-0.006771123502403498,0.7981686592102051,4
1745398230.242969,713,0.007455382728949189,-0.9809387847781181,35.704974085092545,-7.616013288497925,-18.417363986372948,74.32173937559128,-23.438788950443268,-27.82633528113365,119.50327455997467,-31.470738351345062,-39.97741639614105,165.58825969696045,-2.4009873159229755,-81.834577023983,98.26774895191193,0.007173345889896154,-0.6005829572677612,-0.009011213667690754,0.7994794845581055,4
1745398230.3429692,725,0.2422135730739683,-0.10084407404065132,35.53928807377815,-6.107283756136894,-12.603641487658024,76.05236023664474,-19.837893545627594,-16.226880252361298,122.70185351371765,-26.96010284125805,-21.745705977082253,170.43858766555786,-2.3384704254567623,-81.84073120355606,98.23460131883621,0.007390846032649279,-0.6018521785736084,-0.00884864293038845,0.7985243797302246,0
1745398230.44297,737,0.05713624705094844,-0.23414194583892822,35.47254577279091,-6.691241636872292,-13.659004122018814,75.55285096168518,-21.646570414304733,-19.578861072659492,121.51703983545303,-30.58122843503952,-26.378445327281952,168.52504014968872,-2.293878234922886,-81.89407736063004,98.22507202625275,0.008973740972578526,-0.6029813289642334,-0.007478983607143164,0.7976697683334351,0
1745398230.5429702,749,0.0955139403231442,0.1345304772257805,35.62173619866371,-7.392377592623234,-10.101874358952045,76.83384418487549,-22.897589951753616,-8.27315729111433,122.88088351488113,-33.071644604206085,-0.19989931024610996,169.07550394535065,-2.3373812437057495,-81.83308690786362,98.24568778276443,0.007486805319786072,-0.6018657088279724,-0.009425107389688492,0.7985066771507263,14
1745398230.6429708,761,-0.039335209294222295,0.5936832167208195,35.78350692987442,-8.851603604853153,-5.990864709019661,77.55129039287567,-26.726072654128075,3.7406603805720806,122.0300942659378,-37.11266443133354,18.17256398499012,166.63599014282227,-2.3363674990832806,-81.83104544878006,98.24150055646896,0.0073777297511696815,-0.6017957329750061,-0.009354417212307453,0.7985612750053406,14
1745398230.742971,773,0.04464219091460109,0.24207402020692825,35.6617346405983,-8.159422315657139,-8.83400533348322,77.10684835910797,-26.660626754164696,-2.4272259324789047,121.98857218027115,-37.85642236471176,8.23703221976757,167.3397272825241,-2.3324224166572094,-81.84906840324402,98.30202162265778,0.008699326775968075,-0.6017343401908875,-0.010304181836545467,0.7985824942588806,14
1745398230.8429718,785,-0.011757321772165596,0.4066489636898041,35.72065010666847,-8.54798499494791,-7.454058155417442,77.34142243862152,-26.490623131394386,0.9402260184288025,122.13072180747986,-36.87695786356926,13.841957785189152,167.11342334747314,-2.333305776119232,-81.84723556041718,98.3031764626503,0.008704449981451035,-0.6016674041748047,-0.010297630913555622,0.7986329197883606,14
1745398230.942972,797,-0.007916998583823442,0.3240196965634823,35.70094332098961,-8.439188823103905,-8.16003605723381,77.21526175737381,-26.830196380615234,-0.8871604222804308,121.99895828962326,-37.82968968153,10.711371898651123,167.1806126832962,-2.3404457606375217,-81.84940367937088,98.30092638731003,0.008826705627143383,-0.6016652584075928,-0.010354121215641499,0.7986325621604919,14
1745398231.042973,809,0.003908731741830707,0.3570527769625187,35.707104951143265,-8.427140302956104,-7.832875475287437,77.27251201868057,-26.398662477731705,0.0450934749096632,122.14014679193497,-36.81551665067673,12.239699251949787,167.31029748916626,-2.33567226678133,-81.83037489652634,98.24692457914352,0.007444347720593214,-0.6018516421318054,-0.009391441009938717,0.7985180616378784,14
1745398231.142974,821,-0.022287480533123016,0.34308433532714844,35.70486605167389,-8.522571995854378,-7.960649207234383,77.2358700633049,-26.935813948512077,-0.37897401489317417,121.97039276361465,-37.91447356343269,11.611933819949627,167.07225143909454,-2.3366352543234825,-81.83041214942932,98.24004024267197,0.007294345181435347,-0.6017955541610718,-0.009411698207259178,0.7985614538192749,14
1745398231.242974,833,0.002194981789216399,0.3399215638637543,35.710085183382034,-8.416399359703064,-7.956935092806816,77.2603377699852,-26.477497071027756,-0.24713086895644665,122.10793048143387,-37.00324147939682,11.753732338547707,167.3072874546051,-2.334798686206341,-81.84890449047089,98.30484539270401,0.008767208084464073,-0.6016918420791626,-0.010389197617769241,0.798612654209137,14
1745398231.342975,845,-0.016551784938201308,0.3334018401801586,35.704419016838074,-8.486482314765453,-7.995691150426865,77.23208516836166,-26.82177536189556,-0.4090461879968643,121.9964399933815,-37.70118206739426,11.558379046618938,167.11823642253876,-2.336585894227028,-81.83278143405914,98.24185818433762,0.007389191072434187,-0.601837158203125,-0.009438615292310715,0.7985288500785828,14
1745398231.442975,857,-0.012646574759855866,0.3455239348113537,35.70972755551338,-8.463059552013874,-7.943360134959221,77.24931091070175,-26.630783453583717,-0.22039632312953472,122.0734566450119,-37.25435957312584,11.831994168460369,167.2137975692749,-2.3299953900277615,-81.82815462350845,98.24314713478088,0.007448329124599695,-0.6018521785736084,-0.009482002817094326,0.798516571521759,14
1745398231.542976,869,-0.017040554666891694,0.3335941582918167,35.70740297436714,-8.482134900987148,-7.999611087143421,77.23876088857651,-26.779206469655037,-0.3793721552938223,122.01090157032013,-37.60196268558502,11.60466019064188,167.13885962963104,-2.3357197642326355,-81.85021579265594,98.29898178577423,0.008737594820559025,-0.6016777157783508,-0.01033376157283783,0.7986242771148682,14
1745398231.642976,881,-0.008811242878437042,0.3330153413116932,35.70544719696045,-8.46310518682003,-7.992042228579521,77.24475860595703,-26.661502197384834,-0.32946327701210976,122.05672264099121,-37.359707057476044,11.66907325387001,167.20612347126007,-2.3376704193651676,-81.83055371046066,98.24187308549881,0.007388636004179716,-0.601828396320343,-0.009303385391831398,0.7985370755195618,14
1745398231.7429771,893,-0.011330412235110998,0.33871177583932877,35.70320084691048,-8.47385823726654,-8.00046045333147,77.23692804574966,-26.714341714978218,-0.3705369308590889,122.02917039394379,-37.50690072774887,11.628372594714165,167.16733574867249,-2.338869497179985,-81.83176815509796,98.2365682721138,0.007345285266637802,-0.6017916798591614,-0.009364575147628784,0.7985644340515137,14
1745398231.842978,905,-0.01254273229278624,0.3324756398797035,35.7043631374836,-8.471242152154446,-8.00294429063797,77.2334635257721,-26.701342314481735,-0.3552776761353016,122.03190475702286,-37.486232817173004,11.651862412691116,167.17103123664856,-2.333683893084526,-81.83102309703827,98.24015945196152,0.007316255010664463,-0.6018328070640564,-0.00937995221465826,0.7985336184501648,14
1745398231.9429781,917,-0.01271773362532258,0.3316309303045273,35.7055738568306,-8.463695645332336,-8.010603487491608,77.23883539438248,-26.70975774526596,-0.3559389151632786,122.0371276140213,-37.46184706687927,11.644897982478142,167.17886924743652,-2.338468562811613,-81.83208853006363,98.23920577764511,0.0073703583329916,-0.601783812046051,-0.009357350878417492,0.7985701560974121,14
1745398232.042979,929,-0.011400901712477207,0.3246222622692585,35.70140525698662,-8.470823056995869,-8.02547112107277,77.23236829042435,-26.745688170194626,-0.38547697477042675,122.01616168022156,-37.53680735826492,11.593380942940712,167.16055572032928,-2.334248274564743,-81.83125406503677,98.24158996343613,0.007363565266132355,-0.601844072341919,-0.009410007856786251,0.7985242605209351,14
1745398232.1429791,941,-0.017245416529476643,0.331721268594265,35.71493551135063,-8.47775861620903,-8.017654530704021,77.23908871412277,-26.6885943710804,-0.3731942269951105,122.02922999858856,-37.4419130384922,11.623135767877102,167.18211770057678,-2.33297236263752,-81.83521777391434,98.242849111557,0.007412890437990427,-0.6018317937850952,-0.009410209022462368,0.798533022403717,14
1745398232.24298,953,-0.01584785059094429,0.32860971987247467,35.70906072854996,-8.486263453960419,-8.021548390388489,77.23919302225113,-26.747185736894608,-0.39833993650972843,122.01869487762451,-37.5402458012104,11.580727063119411,167.15332865715027,-2.3331865668296814,-81.84704184532166,98.30160439014435,0.008750424720346928,-0.6017619371414185,-0.01029428094625473,0.7985613346099854,14
1745398232.3429801,965,-0.01624730066396296,0.3259265795350075,35.70713475346565,-8.479710668325424,-8.023757487535477,77.23011821508408,-26.71162411570549,-0.3811279311776161,122.03364819288254,-37.48127818107605,11.608006432652473,167.17515885829926,-2.3369542323052883,-81.83178305625916,98.24087470769882,0.0074593182653188705,-0.6018607020378113,-0.009313708171248436,0.7985120415687561,14
1745398232.442981,977,-0.013311975635588169,0.32609328627586365,35.706743597984314,-8.472378365695477,-8.030422963202,77.22941786050797,-26.75188146531582,-0.40213484317064285,122.01184034347534,-37.535227835178375,11.576700024306774,167.15721786022186,-2.3339414037764072,-81.82933926582336,98.24371337890625,0.0074334703385829926,-0.6018509864807129,-0.009429038502275944,0.7985182404518127,14
1745398232.5429811,989,-0.015936850104480982,0.3261794336140156,35.70568561553955,-8.47561564296484,-8.029893971979618,77.23056524991989,-26.72974392771721,-0.39479765109717846,122.02908098697662,-37.509676069021225,11.584101244807243,167.1687662601471,-2.3374934680759907,-81.82168751955032,98.25106710195541,0.007479753810912371,-0.6018209457397461,-0.009381982497870922,0.7985410094261169,14
1745398232.642982,1001,-0.012533157132565975,0.32630423083901405,35.706937313079834,-8.477438241243362,-8.03994107991457,77.23480463027954,-26.751944795250893,-0.40348153561353683,122.01768159866333,-37.523213773965836,11.564714834094048,167.16167330741882,-2.3401188664138317,-81.83121681213379,98.24086725711823,0.007373236119747162,-0.6017512083053589,-0.009382775984704494,0.7985944747924805,14
1745398232.7429829,1013,-0.01324256299994886,0.32231491059064865,35.70421412587166,-8.47922544926405,-8.045647293329239,77.23137736320496,-26.745902374386787,-0.41288789361715317,122.01400846242905,-37.53472492098808,11.559896171092987,167.15967655181885,-2.3369225673377514,-81.83136582374573,98.24645519256592,0.007494582794606686,-0.6018562316894531,-0.009422007948160172,0.7985138297080994,14
1745398232.842983,1025,-0.008711183909326792,0.3253733739256859,35.703692585229874,-8.466135710477829,-8.04362166672945,77.22695171833038,-26.751840487122536,-0.40978332981467247,122.01795727014542,-37.52567246556282,11.557753197848797,167.1602576971054,-2.334426622837782,-81.85013383626938,98.3000323176384,0.00872604176402092,-0.6016871333122253,-0.010340726934373379,0.7986173629760742,14
1745398232.9429839,1037,-0.011633761459961534,0.3248881548643112,35.70902720093727,-8.486706763505936,-8.043266832828522,77.23745703697205,-26.752479374408722,-0.42426399886608124,122.00792133808136,-37.5397726893425,11.542601510882378,167.1547144651413,-2.3348997347056866,-81.83421939611435,98.23768585920334,0.007251528091728687,-0.6017579436302185,-0.009392190724611282,0.7985904216766357,14
1745398233.042984,1049,-0.014482997357845306,0.32085971906781197,35.70724278688431,-8.479426614940166,-8.050116710364819,77.2327184677124,-26.749344542622566,-0.4248884506523609,122.01134115457535,-37.531059235334396,11.544222012162209,167.16039180755615,-2.33670836314559,-81.8299800157547,98.2440710067749,0.007447636686265469,-0.6018363833427429,-0.00940999761223793,0.7985292077064514,14
1745398233.1429849,1061,-0.014819263014942408,0.321095809340477,35.706423223018646,-8.485045284032822,-8.05116817355156,77.23378390073776,-26.763977482914925,-0.42746681720018387,122.00778722763062,-37.55180910229683,11.53425220400095,167.15584695339203,-2.3379172198474407,-81.83042705059052,98.23893755674362,0.007323427125811577,-0.6017892360687256,-0.009325603023171425,0.798566997051239,14
1745398233.242985,1073,-0.014925200957804918,0.32412586733698845,35.70307418704033,-8.48296470940113,-8.050226606428623,77.23058015108109,-26.7634280025959,-0.4254032392054796,122.01127409934998,-37.53548860549927,11.533932760357857,167.15730726718903,-2.337674144655466,-81.85207098722458,98.29996526241302,0.00875025149434805,-0.6016748547554016,-0.010296612977981567,0.7986268997192383,14
1745398233.3429859,1085,-0.010851479601114988,0.3229863941669464,35.706598311662674,-8.48362222313881,-8.052950724959373,77.23293453454971,-26.77863836288452,-0.4325644113123417,122.01235443353653,-37.55025938153267,11.525641195476055,167.1515703201294,-2.3372150026261806,-81.8452462553978,98.3014926314354,0.008777929469943047,-0.6017140746116638,-0.010233918204903603,0.7985978722572327,14
1745398233.442986,1097,-0.015317491488531232,0.3264560364186764,35.706065595149994,-8.487517945468426,-8.05313978344202,77.23388820886612,-26.775777339935303,-0.4325273912400007,122.01257050037384,-37.54916414618492,11.525057256221771,167.15458035469055,-2.3332126438617706,-81.82502537965775,98.24392944574356,0.0074554020538926125,-0.6018705368041992,-0.009381340816617012,0.7985038161277771,14
1745398233.542987,1109,-0.014446268323808908,0.32450398430228233,35.70523113012314,-8.478599600493908,-8.063925430178642,77.22637802362442,-26.770103722810745,-0.4407195374369621,122.01021611690521,-37.552762776613235,11.517546139657497,167.15723276138306,-2.333659678697586,-81.8488672375679,98.30370545387268,0.008725525811314583,-0.6016931533813477,-0.010339566506445408,0.7986128330230713,14
1745398233.642988,1121,-0.022627966245636344,0.326384324580431,35.71419417858124,-8.486825972795486,-8.05848091840744,77.23221927881241,-26.782000437378883,-0.4482350777834654,122.01295047998428,-37.57026791572571,11.509614996612072,167.1537309885025,-2.339286729693413,-81.82936906814575,98.24392199516296,0.007526344154030085,-0.6018275618553162,-0.009337357245385647,0.7985361218452454,14
1745398233.742988,1133,-0.005685345968231559,0.3126380033791065,35.705167800188065,-8.489462547004223,-8.063018321990967,77.23170518875122,-26.766879484057426,-0.44811470434069633,122.01055884361267,-37.55569830536842,11.505033820867538,167.15532541275024,-2.3358874022960663,-81.82914555072784,98.2436016201973,0.007427690550684929,-0.6018646955490112,-0.009343482553958893,0.7985089421272278,14
1745398233.842989,1145,-0.014468911103904247,0.3194422461092472,35.70745140314102,-8.490407839417458,-8.062794804573059,77.23367214202881,-26.774566620588303,-0.45585306361317635,122.00400978326797,-37.56721317768097,11.495832353830338,167.14930534362793,-2.3357667960226536,-81.84703439474106,98.30240160226822,0.008700640872120857,-0.6016873121261597,-0.010300746187567711,0.798617959022522,14
1745398233.942989,1157,-0.019061379134655,0.3256462514400482,35.71302816271782,-8.487463928759098,-8.067435584962368,77.23240554332733,-26.780635118484497,-0.45683677308261395,122.00932204723358,-37.56242245435715,11.497131548821926,167.15456545352936,-2.33810069039464,-81.8466991186142,98.29962253570557,0.008779739961028099,-0.6016988754272461,-0.010151623748242855,0.798610270023346,14
1745398234.04299,1169,-0.016797741409391165,0.31823525205254555,35.70541366934776,-8.489612489938736,-8.070435374975204,77.22996920347214,-26.780713349580765,-0.46292413026094437,122.00853228569031,-37.569839507341385,11.492501944303513,167.15297102928162,-2.3392769508063793,-81.83196932077408,98.23840856552124,0.007321035955101252,-0.601783037185669,-0.009432386606931686,0.7985703945159912,14
1745398234.14299,1181,-0.01102735404856503,0.3170175477862358,35.7077419757843,-8.487610146403313,-8.069049566984177,77.23075896501541,-26.774944737553596,-0.4684219602495432,122.00280278921127,-37.56801784038544,11.486981995403767,167.15194284915924,-2.333877608180046,-81.83058351278305,98.24343025684357,0.007389472797513008,-0.601813793182373,-0.009448707103729248,0.7985464334487915,14
1745398234.2429912,1193,-0.006531627150252461,0.31395163387060165,35.70518270134926,-8.494474925100803,-8.070997893810272,77.23099738359451,-26.791835203766823,-0.46622403897345066,122.0049187541008,-37.57358342409134,11.482286266982555,167.14955866336823,-2.336200326681137,-81.82691037654877,98.24226796627045,0.007369465660303831,-0.6017915606498718,-0.009414756670594215,0.7985637784004211,14
1745398234.3429918,1205,-0.01374492421746254,0.3197062760591507,35.70815175771713,-8.48151370882988,-8.078556507825851,77.2266834974289,-26.77830308675766,-0.46782405115664005,122.00874835252762,-37.57592663168907,11.477083899080753,167.15165972709656,-2.3356424644589424,-81.84649795293808,98.30112755298615,0.008770965971052647,-0.6017295122146606,-0.010252336040139198,0.7985860109329224,14
1745398234.4429922,1217,-0.012574077118188143,0.315916258841753,35.70589795708656,-8.493531495332718,-8.078020997345448,77.22927629947662,-26.792198419570923,-0.47571398317813873,122.00850248336792,-37.57879510521889,11.471835896372795,167.14973747730255,-2.3366957902908325,-81.83039724826813,98.2426404953003,0.007433366030454636,-0.601844847202301,-0.009332077577710152,0.798524022102356,14
1745398234.5429928,1229,-0.011265481589362025,0.3173104487359524,35.70583090186119,-8.488711901009083,-8.074461482465267,77.2307813167572,-26.782207190990448,-0.4755863919854164,121.99891358613968,-37.57479414343834,11.468492448329926,167.15015470981598,-2.33352929353714,-81.82771503925323,98.24223816394806,0.007388480473309755,-0.6018573641777039,-0.009367638267576694,0.7985146045684814,14
1745398234.642993,1241,-0.015680125216022134,0.31706737354397774,35.70656478404999,-8.49915761500597,-8.075129240751266,77.23500579595566,-26.783153414726257,-0.4795712884515524,122.00220674276352,-37.57390379905701,11.46300695836544,167.15049743652344,-2.3357407189905643,-81.82786405086517,98.24417531490326,0.007435561157763004,-0.6018191576004028,-0.009442265145480633,0.7985420227050781,14
1745398234.7429938,1253,-0.01179310493171215,0.3207591362297535,35.71047633886337,-8.499454706907272,-8.077016100287437,77.23243534564972,-26.79142728447914,-0.48707309179008007,122.00141698122025,-37.58038952946663,11.45914476364851,167.15273261070251,-2.335337921977043,-81.8307027220726,98.24095666408539,0.007378358393907547,-0.601815938949585,-0.009364641271531582,0.7985458970069885,14
1745398234.842994,1265,-0.01577934017404914,0.3206622786819935,35.707738250494,-8.48926417529583,-8.077171631157398,77.22923904657364,-26.78965963423252,-0.4796595312654972,122.00555205345154,-37.58703172206879,11.461236514151096,167.14899241924286,-2.339288592338562,-81.82694762945175,98.24274480342865,0.007361135445535183,-0.6018195152282715,-0.009331019595265388,0.7985436320304871,14
1745398234.9429948,1277,-0.013788550859317183,0.31588785350322723,35.70528328418732,-8.47781915217638,-8.081085979938507,77.2252082824707,-26.792900636792183,-0.4842344205826521,122.00401723384857,-37.58344054222107,11.454446241259575,167.14824736118317,-2.3324238136410713,-81.82914555072784,98.24343770742416,0.007401409558951855,-0.601839542388916,-0.009462786838412285,0.7985267043113708,14
1745398235.042995,1289,-0.016785110346972942,0.31661102548241615,35.71160137653351,-8.496548980474472,-8.083293214440346,77.23104953765869,-26.796068996191025,-0.4888903349637985,122.00087308883667,-37.5855527818203,11.448309756815434,167.14869439601898,-2.3342533968389034,-81.83296024799347,98.24203699827194,0.007381322328001261,-0.6018283367156982,-0.009477703832089901,0.798535168170929,14
1745398235.142996,1301,-0.01902235089801252,0.31875865533947945,35.70694103837013,-8.486448787152767,-8.089223876595497,77.22252607345581,-26.789218187332153,-0.4872945137321949,122.0015361905098,-37.587720900774,11.442845687270164,167.1479493379593,-2.336035016924143,-81.83056861162186,98.2416570186615,0.00738286878913641,-0.6018149256706238,-0.009326795116066933,0.7985470294952393,14
1745398235.242997,1313,-0.016606179997324944,0.31945575028657913,35.71087494492531,-8.490907028317451,-8.087392896413803,77.22724229097366,-26.797182857990265,-0.4966289270669222,122.00479209423065,-37.58566826581955,11.439744383096695,167.14568436145782,-2.3333528079092503,-81.82936161756516,98.24348241090775,0.007338790688663721,-0.6018156409263611,-0.009442081674933434,0.7985455393791199,14
1745398235.342997,1325,-0.017981685232371092,0.31907157972455025,35.70764139294624,-8.49143322557211,-8.082508109509945,77.22455263137817,-26.802821084856987,-0.5005947314202785,122.0063716173172,-37.589218467473984,11.439448222517967,167.14917123317719,-2.335647586733103,-81.8302184343338,98.24109822511673,0.007432767190039158,-0.6018356084823608,-0.009300226345658302,0.7985312938690186,14
1745398235.442998,1337,-0.011797790648415685,0.31593022868037224,35.70634499192238,-8.488505147397518,-8.090089075267315,77.22608745098114,-26.79998427629471,-0.5073214415460825,122.00484424829483,-37.59438171982765,11.434994637966156,167.14930534362793,-2.3359963670372963,-81.82787150144577,98.2450619339943,0.007456416729837656,-0.6018269658088684,-0.009375308640301228,0.7985367178916931,14
1745398235.542998,1349,-0.017243437469005585,0.31484151259064674,35.70125997066498,-8.491733111441135,-8.092470467090607,77.22532004117966,-26.793159544467926,-0.5050210747867823,121.99316918849945,-37.59241849184036,11.431855149567127,167.14762151241302,-2.335868775844574,-81.8316638469696,98.24094921350479,0.007377724163234234,-0.6018329858779907,-0.009388989768922329,0.7985327839851379,14
1745398235.642999,1361,-0.021576066501438618,0.32133469358086586,35.711999982595444,-8.493326604366302,-8.089671842753887,77.22797989845276,-26.792388409376144,-0.507027842104435,121.99538201093674,-37.59342059493065,11.425638571381569,167.14495420455933,-2.3324252106249332,-81.83054625988007,98.24346750974655,0.007422919850796461,-0.6018081307411194,-0.009493198245763779,0.7985498905181885,14
1745398235.742999,1373,-0.013522105291485786,0.3161155618727207,35.705793648958206,-8.495149202644825,-8.090753108263016,77.22977548837662,-26.802971959114075,-0.515984371304512,122.00003862380981,-37.60021552443504,11.423567309975624,167.1479195356369,-2.3329202085733414,-81.8341076374054,98.24103862047195,0.007324532605707645,-0.601868212223053,-0.009405412711203098,0.798506498336792,14
1745398235.8430002,1385,-0.0070105306804180145,0.31228596344590187,35.70235148072243,-8.489977568387985,-8.098304271697998,77.22875475883484,-26.80191583931446,-0.5115608219057322,121.99479341506958,-37.600621581077576,11.418084613978863,167.14875400066376,-2.333961892873049,-81.8329006433487,98.2416421175003,0.0073211281560361385,-0.6017974019050598,-0.009408922865986824,0.7985597848892212,14
1745398235.943001,1397,-0.01313170650973916,0.3181975334882736,35.709843039512634,-8.49017035216093,-8.096259087324142,77.22632586956024,-26.802366599440575,-0.5157517734915018,122.00212478637695,-37.60199621319771,11.415001004934311,167.14829206466675,-2.335363533347845,-81.84462040662766,98.30112010240555,0.008844006806612015,-0.6017266511917114,-0.010240625590085983,0.798587441444397,14
1745398236.0430012,1409,-0.011862051906064153,0.3161695785820484,35.70632264018059,-8.489955216646194,-8.095568977296352,77.22342014312744,-26.798207312822342,-0.5187310744076967,121.9988688826561,-37.59663552045822,11.417217552661896,167.14660823345184,-2.3291893303394318,-81.83062821626663,98.24174642562866,0.007364048156887293,-0.6018962860107422,-0.009442683309316635,0.7984845042228699,14
1745398236.143002,1421,-0.005599111318588257,0.3111623227596283,35.70389747619629,-8.495111018419266,-8.09699110686779,77.22390443086624,-26.811089366674423,-0.5166495684534311,122.00044840574265,-37.60116174817085,11.411967687308788,167.14435815811157,-2.333773300051689,-81.84584230184555,98.30418974161148,0.008776701986789703,-0.6017348170280457,-0.010304669849574566,0.7985813021659851,14
1745398236.2430022,1433,-0.01018907641991973,0.3108792006969452,35.70162132382393,-8.491674438118935,-8.101454935967922,77.22193747758865,-26.806652545928955,-0.5203334148973227,122.00253456830978,-37.60279715061188,11.401773430407047,167.14422404766083,-2.3357425816357136,-81.83149993419647,98.24243187904358,0.007371722720563412,-0.6018449664115906,-0.00939119141548872,0.7985236644744873,14
1745398236.3430028,1445,-0.0064367486629635096,0.30694063752889633,35.70578247308731,-8.502681739628315,-8.099354803562164,77.22849398851395,-26.797940954566002,-0.5283677019178867,121.99661135673523,-37.604667246341705,11.400824412703514,167.14482009410858,-2.3351358249783516,-81.83028548955917,98.24160486459732,0.007441885303705931,-0.6018574833869934,-0.009408866055309772,0.7985134124755859,14
1745398236.443003,1457,-0.013608078006654978,0.31620729714632034,35.712093114852905,-8.500715717673302,-8.098876103758812,77.22596079111099,-26.810357347130775,-0.5286294035613537,121.99923396110535,-37.60630637407303,11.39606349170208,167.1466827392578,-2.3360848426818848,-81.83272182941437,98.239965736866,0.007378488779067993,-0.6017963886260986,-0.00942287314683199,0.7985599040985107,14
1745398236.5430038,1469,-0.022544001694768667,0.31986040994524956,35.714536905288696,-8.484626188874245,-8.105682209134102,77.22101360559464,-26.798244565725327,-0.5299376789480448,121.9964548945427,-37.608686834573746,11.396788991987705,167.14532673358917,-2.3316270671784878,-81.82859420776367,98.24362397193909,0.007464254274964333,-0.6018431782722473,-0.009473353624343872,0.7985232472419739,14
1745398236.643004,1481,-0.0055902928579598665,0.3090072423219681,35.70008650422096,-8.489646017551422,-8.100727573037148,77.22625136375427,-26.808230206370354,-0.5329025443643332,121.99593335390091,-37.60906308889389,11.39172911643982,167.14726388454437,-2.3329155519604683,-81.8289965391159,98.24449568986893,0.0074773505330085754,-0.6018533110618591,-0.009441503323614597,0.7985159158706665,14
1745398236.743005,1493,-0.019388622604310513,0.3149239346385002,35.706114023923874,-8.497431874275208,-8.10241885483265,77.22077518701553,-26.81427262723446,-0.5298778414726257,121.9974234700203,-37.610288709402084,11.387376114726067,167.14505851268768,-2.339751459658146,-81.84486627578735,98.30281883478165,0.008846119046211243,-0.601718008518219,-0.010238171555101871,0.7985939979553223,14
1745398236.843006,1505,-0.008641276508569717,0.309585127979517,35.7058048248291,-8.48670769482851,-8.105632849037647,77.22146809101105,-26.801232248544693,-0.5346834659576416,121.9959408044815,-37.607815116643906,11.38497143983841,167.14265942573547,-2.337520942091942,-81.84758573770523,98.29850494861603,0.008692567236721516,-0.6017329096794128,-0.010172742418944836,0.7985852360725403,14
1745398236.943006,1517,-0.014840974472463131,0.31332531943917274,35.7053168118,-8.489485830068588,-8.107991889119148,77.22076028585434,-26.805609464645386,-0.5394504405558109,121.99337780475616,-37.61879727244377,11.382381431758404,167.14639961719513,-2.331450581550598,-81.82823657989502,98.24539721012115,0.007453750353306532,-0.6018505096435547,-0.009502693079411983,0.7985175251960754,14
1745398237.043007,1529,-0.007184658898040652,0.30898163095116615,35.701870918273926,-8.485318161547184,-8.108251728117466,77.22239196300507,-26.8129613250494,-0.5374699831008911,121.99976295232773,-37.61877119541168,11.387379840016365,167.14495420455933,-2.333578187972307,-81.85054361820221,98.3017161488533,0.008736327290534973,-0.6016965508460999,-0.010313856415450573,0.7986103892326355,14
1745398237.143007,1541,-0.0064141349866986275,0.3043403849005699,35.702697932720184,-8.488043211400509,-8.11109971255064,77.22355425357819,-26.814769953489304,-0.5422006361186504,121.99732661247253,-37.619441747665405,11.378273367881775,167.14565455913544,-2.3357500322163105,-81.83203637599945,98.24258089065552,0.007312488276511431,-0.6017892956733704,-0.009429686702787876,0.7985657453536987,14
1745398237.243008,1553,-0.017429469153285027,0.31284987926483154,35.705819725990295,-8.491791784763336,-8.110675029456615,77.22169160842896,-26.801273226737976,-0.542838592082262,121.99314683675766,-37.620659917593,11.376593261957169,167.14465618133545,-2.331825438886881,-81.8287804722786,98.24434667825699,0.007424175273627043,-0.6018932461738586,-0.009453683160245419,0.7984861135482788,14
1745398237.343008,1565,-0.006492773536592722,0.30913902446627617,35.703904926776886,-8.493619970977306,-8.110269904136658,77.22190767526627,-26.79840661585331,-0.5395603366196156,121.9935491681099,-37.61587664484978,11.374033987522125,167.14537143707275,-2.334579359740019,-81.82913064956665,98.24163466691971,0.007328341249376535,-0.6018325090408325,-0.009350794367492199,0.7985340356826782,14
1745398237.4430091,1577,-0.007336639100685716,0.30555296689271927,35.703953355550766,-8.493678644299507,-8.110887371003628,77.22305506467819,-26.804016903042793,-0.5469729658216238,121.99390679597855,-37.626028060913086,11.373024433851242,167.14569926261902,-2.3341760970652103,-81.82985335588455,98.24461489915848,0.007480239495635033,-0.6018317341804504,-0.009447009302675724,0.7985319495201111,14
1745398237.54301,1589,-0.007588998414576054,0.3073122352361679,35.70308908820152,-8.489432744681835,-8.111921139061451,77.22172886133194,-26.809683069586754,-0.5479226820170879,121.99533730745316,-37.62902319431305,11.367127299308777,167.14690625667572,-2.3346953094005585,-81.84562623500824,98.3036756515503,0.008797433227300644,-0.6017603278160095,-0.010245142504572868,0.7985626459121704,14
1745398237.6430101,1601,-0.01627975143492222,0.31769322231411934,35.711437463760376,-8.4838280454278,-8.11222568154335,77.21587270498276,-26.819072663784027,-0.5440595559775829,121.99924141168594,-37.6252755522728,11.366192251443863,167.1425998210907,-2.3362203501164913,-81.84529095888138,98.29828143119812,0.008755125105381012,-0.60169917345047,-0.010210496373474598,0.7986095547676086,14
1745398237.743011,1613,-0.007635389920324087,0.3075036220252514,35.70431098341942,-8.499967865645885,-8.11412651091814,77.22574472427368,-26.802636682987213,-0.5524461157619953,121.99512869119644,-37.62521967291832,11.361749842762947,167.14508831501007,-2.3328540846705437,-81.82936161756516,98.246730864048,0.007479547522962093,-0.6018838882446289,-0.009402687661349773,0.7984932661056519,14
1745398237.853,1626,-0.007154158083721995,0.30427565798163414,35.70350632071495,-8.495554327964783,-8.114032447338104,77.22211629152298,-26.808936148881912,-0.5543094594031572,121.99264019727707,-37.63112798333168,11.358030140399933,167.146697640419,-2.336652483791113,-81.84735476970673,98.30103069543839,0.008807522244751453,-0.6017531156539917,-0.010204500518739223,0.7985684871673584,14
